Year,Geography,Race,count,count_moe,share,share_moe,Category,Mode
2010,King,American Indian or Alaskan Native Alone,7291,1156.96827355918,0.0454369827500249,0.00720446493628812,Population by Race,
2010,King,Asian,1056,605.540900620057,0.00658091534549806,0.00377323130139915,Population by Race,
2010,King,Black or African American,1267,721.947471604583,0.00789585202911556,0.00449962567184028,Population by Race,
2010,King,Hispanic or Latino,9415,564.321080168462,0.0586735965699472,0.00327846724962161,Population by Race,
2010,King,Native Hawaiian and Other Pacific Islander,415,617.461437915357,0.00258624987536145,0.00385002703677318,Population by Race,
2010,King,Some Other Race,213,339.421943101429,0.00132740053843853,0.00211267605864431,Population by Race,
2010,King,Two or More Races,4449,1377.78825870351,0.0277258450493569,0.00867233987174997,Population by Race,
2010,King,White,136358,2055.47170190567,0.849773157842258,0.00447993815898122,Population by Race,
2010,King,Total,160464,2032.00625058463,0.134403103774936,0.00144817797346425,Population by Race,
2010,Kitsap,American Indian or Alaskan Native Alone,2795,1188.79223092179,0.00457700004257675,0.00194619390230629,Population by Race,
2010,Kitsap,Asian,88482,7041.25337675066,0.144895212081315,0.0115475090129893,Population by Race,
2010,Kitsap,Black or African American,49382,5974.69479156457,0.08086633849822,0.00977886934206655,Population by Race,
2010,Kitsap,Hispanic or Latino,37075,4589.6655317896,0.0607128002069885,0.00750012975412749,Population by Race,
2010,Kitsap,Native Hawaiian and Other Pacific Islander,2327,1678.53844495665,0.00381061864009878,0.00274909496959828,Population by Race,
2010,Kitsap,Some Other Race,642,528.659467638432,0.00105131807775824,0.000865876575814985,Population by Race,
2010,Kitsap,Two or More Races,27240,4506.48071253764,0.044607327785256,0.00737294730908141,Population by Race,
2010,Kitsap,White,402719,7614.75009610756,0.659479384667787,0.0124820329762516,Population by Race,
2010,Kitsap,Total,610662,1017.62982767127,0.511484620584119,0.00141800841042093,Population by Race,
2010,Pierce,American Indian or Alaskan Native Alone,3799,1005.50609861962,0.0222777357516903,0.00589155629663461,Population by Race,
2010,Pierce,Asian,2018,860.108192857154,0.0118337643450674,0.00503008066247492,Population by Race,
2010,Pierce,Black or African American,906,447.061853075165,0.00531287933430678,0.00261908655505224,Population by Race,
2010,Pierce,Hispanic or Latino,14997,292.130417840217,0.087943986066886,0.00189465328036742,Population by Race,
2010,Pierce,Native Hawaiian and Other Pacific Islander,158,171.910370633217,0.000926528625629658,0.00100735039626072,Population by Race,
2010,Pierce,Two or More Races,5724,1430.33369593253,0.0335661383107859,0.00841185126097313,Population by Race,
2010,Pierce,White,142927,1925.21473562983,0.838138967565634,0.00303759507745025,Population by Race,
2010,Pierce,Total,170529,1948.14506683634,0.142833451014783,0.00140957567895314,Population by Race,
2010,Snohomish,American Indian or Alaskan Native Alone,4057,1005.70280660653,0.0160835057840362,0.00398480444091947,Population by Race,
2010,Snohomish,Asian,13018,1359.07994558175,0.0516083505784036,0.00535384072268631,Population by Race,
2010,Snohomish,Black or African American,6679,1140.87913293488,0.0264781205648454,0.00453963180383204,Population by Race,
2010,Snohomish,Hispanic or Latino,15915,208.892007593038,0.0630931709521657,0.000798910690006974,Population by Race,
2010,Snohomish,Native Hawaiian and Other Pacific Islander,2147,677.549221024753,0.00851153239298145,0.00268563796408403,Population by Race,
2010,Snohomish,Some Other Race,231,383.359123733869,0.000915772698080445,0.00151987237298152,Population by Race,
2010,Snohomish,Two or More Races,10214,2080.70109240041,0.0404922179142583,0.00826436381101337,Population by Race,
2010,Snohomish,White,199985,774.097744117305,0.792817329115229,0.00192284812463766,Population by Race,
2010,Snohomish,Total,252246,540.927303756013,0.211278824626162,0.00065504179743811,Population by Race,
2015,King,American Indian or Alaskan Native Alone,11539,2443.3695340055,0.00544923999182071,0.00115418081824614,Population by Race,
2015,King,Asian,343872,5951.93153470871,0.16239197976145,0.00280587655772463,Population by Race,
2015,King,Black or African American,129537,5708.40540779461,0.0611732559858289,0.00269705200476732,Population by Race,
2015,King,Hispanic or Latino,201171,491.105513834604,0.0950020849635639,0.00024654140171625,Population by Race,
2015,King,Native Hawaiian and Other Pacific Islander,18793,1408.88339207597,0.00887490832535632,0.000664479912546068,Population by Race,
2015,King,Some Other Race,3235,1248.9741987317,0.00152771395905538,0.000589899249084016,Population by Race,
2015,King,Two or More Races,105516,8606.05808358638,0.0498294485637364,0.00406355387093823,Population by Race,
2015,King,White,1303880,2057.53835518685,0.615751368449189,0.0007429855373416,Population by Race,
2015,King,Total,2117543,1716.39890426912,0.530029470792277,0.000334249840395726,Population by Race,
2015,Kitsap,American Indian or Alaskan Native Alone,2537,779.677507463022,0.00976712133636703,0.0029965746409614,Population by Race,
2015,Kitsap,Asian,10128,1818.32573512146,0.0389914879364309,0.00699318592912874,Population by Race,
2015,Kitsap,Black or African American,5670,1525.44323388688,0.0218287654620422,0.00587928752568165,Population by Race,
2015,Kitsap,Hispanic or Latino,19620,358.049658553112,0.0755344582654794,0.00131563261441569,Population by Race,
2015,Kitsap,Native Hawaiian and Other Pacific Islander,1211,917.262015682406,0.00466219311720161,0.00353179489986532,Population by Race,
2015,Kitsap,Some Other Race,279,283.953398830688,0.00107411385606874,0.00109311313562012,Population by Race,
2015,Kitsap,Two or More Races,20131,2837.5190743273,0.0775017420663795,0.0109347496125093,Population by Race,
2015,Kitsap,White,200173,761.209152817903,0.770640117960031,0.00197620222769459,Population by Race,
2015,Kitsap,Total,259749,762.763369608328,0.0650162121897044,0.000193323673503071,Population by Race,
2015,Pierce,American Indian or Alaskan Native Alone,8734,2155.63856108144,0.0103282476508972,0.00254796692704399,Population by Race,
2015,Pierce,Asian,52681,3613.04008031914,0.0622970476868462,0.00428025372877642,Population by Race,
2015,Pierce,Black or African American,57392,3505.57288768469,0.0678679630387327,0.00413571227363217,Population by Race,
2015,Pierce,Hispanic or Latino,88676,648.882860015003,0.10486234127444,0.00073912642029135,Population by Race,
2015,Pierce,Native Hawaiian and Other Pacific Islander,12358,1718.05957040748,0.0146137490805802,0.00202810803743818,Population by Race,
2015,Pierce,Some Other Race,1349,769.585696591842,0.00159523770106026,0.0009097111007078,Population by Race,
2015,Pierce,Two or More Races,52324,5294.54446972636,0.0618748832248162,0.00626293914567402,Population by Race,
2015,Pierce,White,572128,1283.25742527854,0.676560530342627,0.00127340762498473,Population by Race,
2015,Pierce,Total,845642,1413.34815876344,0.211667570264086,0.000327003621177664,Population by Race,
2015,Snohomish,American Indian or Alaskan Native Alone,6279,1624.23350719155,0.00813122889169758,0.00210316515462083,Population by Race,
2015,Snohomish,Asian,73227,3484.16141557908,0.0948280774091955,0.00452081406780239,Population by Race,
2015,Snohomish,Black or African American,20519,2343.76425548758,0.0265718562874252,0.00303316026347684,Population by Race,
2015,Snohomish,Hispanic or Latino,76356,314.606411274469,0.0988800944823156,0.000409949026363098,Population by Race,
2015,Snohomish,Native Hawaiian and Other Pacific Islander,4147,881.929666535972,0.00537031473385409,0.0011416499357012,Population by Race,
2015,Snohomish,Some Other Race,764,527.285627265954,0.000989370739489878,0.000683080606274176,Population by Race,
2015,Snohomish,Two or More Races,40431,4104.06106200934,0.0523576549323498,0.0053110554895618,Population by Race,
2015,Snohomish,White,550485,1037.7482858544,0.712871402523672,0.000829048219473584,Population by Race,
2015,Snohomish,Total,772208,1086.42517788962,0.193286746753933,0.000258276983786675,Population by Race,
2020,King,American Indian or Alaskan Native Alone,10103,1125.78078167721,0.0045387179188835,0.000505651002704089,Population by Race,
2020,King,Asian,403971,3754.13162412561,0.181481779313995,0.00166379378910591,Population by Race,
2020,King,Black or African American,139827,2700.00953885097,0.0628165208793154,0.00122125004811398,Population by Race,
2020,King,Hispanic or Latino,218589,807.467565993366,0.0981999219212932,0.000315039060587274,Population by Race,
2020,King,Native Hawaiian and Other Pacific Islander,16507,917.717915833891,0.00741568016302187,0.000411607982652775,Population by Race,
2020,King,Some Other Race,9046,1986.13603688481,0.00406386640544592,0.000893189509787165,Population by Race,
2020,King,Two or More Races,130832,5198.05015187498,0.0587755659470817,0.00233230159493511,Population by Race,
2020,King,White,1297084,2734.42645433188,0.582707947450964,0.00105015313032006,Population by Race,
2020,King,Total,2225959,2245.07111634437,0.530311708002041,0.00045161589903705,Population by Race,
2020,Kitsap,American Indian or Alaskan Native Alone,2185,367.926967804074,0.00814065259345916,0.00137101145009564,Population by Race,
2020,Kitsap,Asian,12928,814.147544065263,0.0481658383195607,0.00301949288851684,Population by Race,
2020,Kitsap,Black or African American,7159,652.575771097694,0.026672280053352,0.00247304155578594,Population by Race,
2020,Kitsap,Hispanic or Latino,21339,457.285146806673,0.0795026936804691,0.00135509777102912,Population by Race,
2020,Kitsap,Native Hawaiian and Other Pacific Islander,2523,234.709566153044,0.00939993889853431,0.000873053239978263,Population by Race,
2020,Kitsap,Some Other Race,419,220.146546296439,0.00156106793439789,0.000820376964383955,Population by Race,
2020,Kitsap,Two or More Races,17369,979.094133266817,0.0647116681445273,0.0036316563662837,Population by Race,
2020,Kitsap,White,204484,1459.35621272832,0.7618458603757,0.00171219461407356,Population by Race,
2020,Kitsap,Total,268406,1766.4487653255,0.0639449532978801,0.000408494020740393,Population by Race,
2020,Pierce,American Indian or Alaskan Native Alone,8170,828.496619405445,0.00916713699203458,0.00093088361850727,Population by Race,
2020,Pierce,Asian,55957,2136.73070327487,0.0627864730310011,0.00234537270456326,Population by Race,
2020,Pierce,Black or African American,60986,2348.11724770906,0.0684292553973342,0.0026166008908833,Population by Race,
2020,Pierce,Hispanic or Latino,100438,978.753918890622,0.112696316426679,0.000972420291604577,Population by Race,
2020,Pierce,Native Hawaiian and Other Pacific Islander,12270,773.191386392302,0.0137675362169234,0.00085733857737592,Population by Race,
2020,Pierce,Some Other Race,2158,753.011215421125,0.00242138086031954,0.000845167846186926,Population by Race,
2020,Pierce,Two or More Races,65404,3031.33485836046,0.0733864660742998,0.00343261052569666,Population by Race,
2020,Pierce,White,585844,1490.92921324337,0.657345435001408,0.001797212534685,Population by Race,
2020,Pierce,Total,891227,1988.69944643384,0.212325614527283,0.000475868868243797,Population by Race,
2020,Snohomish,American Indian or Alaskan Native Alone,6847,585.043388530928,0.00843369932328401,0.000725762500838533,Population by Race,
2020,Snohomish,Asian,93248,1720.39810531058,0.114856958448603,0.00210186398789884,Population by Race,
2020,Snohomish,Black or African American,26084,1225.51224842359,0.0321286129908778,0.00150589596419968,Population by Race,
2020,Snohomish,Hispanic or Latino,85408,405.597759664671,0.105200144852204,0.000464294423221544,Population by Race,
2020,Snohomish,Native Hawaiian and Other Pacific Islander,3869,546.192766276248,0.00476558824036597,0.000670522126091053,Population by Race,
2020,Snohomish,Some Other Race,3435,1403.17656284099,0.00423101463056529,0.00172815448640081,Population by Race,
2020,Snohomish,Two or More Races,40988,2630.85578230093,0.0504864127154615,0.00323560120626734,Population by Race,
2020,Snohomish,White,551983,1893.26804776391,0.679897568798638,0.00212393803961539,Population by Race,
2020,Snohomish,Total,811862,1469.46322478907,0.193417724172796,0.000335454813060644,Population by Race,
2010,Region,American Indian or Alaskan Native Alone,17942,1937.1148698038,0.015028046714091,0.00161457515812323,Population by Race,
2010,Region,Asian,104574,6942.58417129107,0.0875901770749836,0.00585882025599574,Population by Race,
2010,Region,Black or African American,58234,6360.40058353295,0.0487762385658442,0.00534759775936639,Population by Race,
2010,Region,Hispanic or Latino,77402,4669.84613944333,0.0648311710937507,0.00389959233543741,Population by Race,
2010,Region,Native Hawaiian and Other Pacific Islander,5047,2093.67635918616,0.00422731868052711,0.00175336718378193,Population by Race,
2010,Region,Some Other Race,1086,741.346585552264,0.000909623159709222,0.000621076071531201,Population by Race,
2010,Region,Two or More Races,47627,4991.48195806654,0.0398919173365296,0.00417010324927091,Population by Race,
2010,Region,White,881989,8492.67732368914,0.738745507374565,0.00648776719679567,Population by Race,
2010,Region,Total,1193901,3185.93416685927,1,0,Population by Race,
2015,Region,American Indian or Alaskan Native Alone,29089,3851.50988712511,0.00728109288731164,0.000963850636332718,Population by Race,
2015,Region,Asian,479908,8012.9584345373,0.120122889248993,0.00199645626625712,Population by Race,
2015,Region,Black or African American,213118,7647.19496860034,0.0533442866361196,0.00191403873248108,Population by Race,
2015,Region,Hispanic or Latino,385823,755.458436881209,0.0965730379545959,0.000188127481167445,Population by Race,
2015,Region,Native Hawaiian and Other Pacific Islander,36509,2537.31811736945,0.00913834852428274,0.000635168390660741,Population by Race,
2015,Region,Some Other Race,5627,1545.63652015844,0.00140846057536879,0.000386864839444783,Population by Race,
2015,Region,Two or More Races,218402,11710.6794046233,0.0546668929414774,0.00293400524141378,Population by Race,
2015,Region,White,2626666,2267.25409456075,0.657464991231851,0.000460849826821415,Population by Race,
2015,Region,Total,3995142,1984.74216297168,1,0,Population by Race,
2020,Region,American Indian or Alaskan Native Alone,27305,1557.43918420873,0.00650513382636236,0.000371263015324176,Population by Race,
2020,Region,Asian,566104,4788.18397252641,0.134868422619998,0.00113010513250538,Population by Race,
2020,Region,Black or African American,234056,3842.15522915232,0.0557614210900227,0.000919406433017943,Population by Race,
2020,Region,Hispanic or Latino,425774,1305.02060410459,0.101436251594419,0.000283070726713551,Population by Race,
2020,Region,Native Hawaiian and Other Pacific Islander,35169,1300.52663808167,0.0083786504866998,0.000309689883249871,Population by Race,
2020,Region,Some Other Race,15058,2365.32650331408,0.00358741275068172,0.000563821802477678,Population by Race,
2020,Region,Two or More Races,254593,6837.67466209365,0.0606541489197976,0.0016281989789468,Population by Race,
2020,Region,White,2639395,3298.67892312817,0.628808558712019,0.000694337603312597,Population by Race,
2020,Region,Total,4197454,2509.0745570957,1,0,Population by Race,
2010,Region,American Indian or Alaskan Native Alone,4837,1194.34545009599,0.0119915015779596,0.00288737629035354,Mode to Work by Race,Auto
2010,Region,Asian,34651,3869.89812693484,0.085903973780831,0.00908686305008425,Mode to Work by Race,Auto
2010,Region,Black or African American,15971,3039.88093126339,0.0395940193718407,0.00737298739571692,Mode to Work by Race,Auto
2010,Region,Hispanic or Latino,23991,2738.3342676767,0.05947655868448,0.00650034530866576,Mode to Work by Race,Auto
2010,Region,Native Hawaiian and Other Pacific Islander,1880,1081.62258859433,0.00466074487627954,0.00267554361395677,Mode to Work by Race,Auto
2010,Region,Some Other Race,273,250.510870777098,0.00067679965490655,0.00061873452604401,Mode to Work by Race,Auto
2010,Region,Two or More Races,11988,2081.05718097978,0.0297196859451272,0.00507338122291868,Mode to Work by Race,Auto
2010,Region,White,309778,8839.01579549903,0.767976716108576,0.0126871434433498,Mode to Work by Race,Auto
2010,Region,Total,403369,10836.1027763484,0.711037976647112,0.0138130361183616,Mode to Work by Race,Auto
2010,Region,American Indian or Alaskan Native Alone,192,290.577504751314,0.00344561491664124,0.00526542173035657,Mode to Work by Race,Bike or Walk
2010,Region,Asian,4111,1327.52733234668,0.0737756402203758,0.0205633365487759,Mode to Work by Race,Bike or Walk
2010,Region,Black or African American,1785,974.774589546219,0.0320334511781491,0.0175796183796636,Mode to Work by Race,Bike or Walk
2010,Region,Hispanic or Latino,3180,1253.99883209176,0.0570679970568706,0.0206002421571565,Mode to Work by Race,Bike or Walk
2010,Region,Two or More Races,2485,1171.82143942081,0.0445955888950703,0.0208437355802367,Mode to Work by Race,Bike or Walk
2010,Region,White,43970,4766.1578757458,0.789081707732893,0.0332927924184857,Mode to Work by Race,Bike or Walk
2010,Region,Total,55723,6004.19307822333,0.0982256176669675,0.0102303583392232,Mode to Work by Race,Bike or Walk
2010,Region,American Indian or Alaskan Native Alone,219,184.965236662866,0.00308894468109115,0.00256520024771313,Mode to Work by Race,Transit
2010,Region,Asian,10877,2277.17436747798,0.153417585827527,0.0294291850738421,Mode to Work by Race,Transit
2010,Region,Black or African American,3483,978.098588331591,0.0491269147225592,0.0132761661819733,Mode to Work by Race,Transit
2010,Region,Hispanic or Latino,3893,1216.67729714888,0.0549098705182093,0.0164728530379244,Mode to Work by Race,Transit
2010,Region,Native Hawaiian and Other Pacific Islander,329,377.987568800219,0.00464046940675336,0.00525974465474759,Mode to Work by Race,Transit
2010,Region,Some Other Race,472,478.407321203648,0.00665745155011425,0.00676525552960467,Mode to Work by Race,Transit
2010,Region,Two or More Races,2648,1297.45369324063,0.0373494315777596,0.0177049068298777,Mode to Work by Race,Transit
2010,Region,White,48977,4215.51915508072,0.690809331715986,0.0347892216909691,Mode to Work by Race,Transit
2010,Region,Total,70898,5562.84962141291,0.124975321525271,0.00962550106458347,Mode to Work by Race,Transit
2010,Region,American Indian or Alaskan Native Alone,145,194.785296740411,0.00440341340459777,0.00598935272928897,Mode to Work by Race,Worked at Home
2010,Region,Asian,1729,823.659894155349,0.05250690880379,0.0246588065623745,Mode to Work by Race,Worked at Home
2010,Region,Black or African American,1056,747.808116368263,0.0320689969327948,0.0224291017136193,Mode to Work by Race,Worked at Home
2010,Region,Hispanic or Latino,662,525.52446602537,0.0201038598196119,0.015885594311931,Mode to Work by Race,Worked at Home
2010,Region,Two or More Races,169,192.338771640691,0.00513225424397947,0.00590441872193765,Mode to Work by Race,Worked at Home
2010,Region,White,29168,3161.59197890458,0.885784566795226,0.0369431338770941,Mode to Work by Race,Worked at Home
2010,Region,Total,32929,3189.04739925871,0.0580455353113718,0.00564016054164577,Mode to Work by Race,Worked at Home
2010,Region,American Indian or Alaskan Native Alone,142,222.877164201495,0.0329160871580899,0.0514649348650122,Mode to Work by Race,Other
2010,Region,Asian,217,243.412757240659,0.050301344459898,0.054456035403358,Mode to Work by Race,Other
2010,Region,Black or African American,296,300.007368274098,0.0686138154844692,0.0633627045398894,Mode to Work by Race,Other
2010,Region,Hispanic or Latino,599,635.390379950586,0.138850254983774,0.143695573656682,Mode to Work by Race,Other
2010,Region,Two or More Races,183,297.67001127507,0.0424200278164117,0.0677767932407062,Mode to Work by Race,Other
2010,Region,White,2877,1021.28874785183,0.666898470097357,0.153865671636556,Mode to Work by Race,Other
2010,Region,Total,4314,1340.32905122446,0.00760449571299639,0.00232541571991762,Mode to Work by Race,Other
2015,Region,American Indian or Alaskan Native Alone,6938,1538.18900219219,0.00439729824114408,0.000970154282718964,Mode to Work by Race,Auto
2015,Region,Asian,187857,6336.55923861306,0.119063599839522,0.00372380102114535,Mode to Work by Race,Auto
2015,Region,Black or African American,77874,5223.9734206769,0.0493564720713252,0.0032157503042452,Mode to Work by Race,Auto
2015,Region,Hispanic or Latino,142490,5033.23493002723,0.0903100355117643,0.00295676422480966,Mode to Work by Race,Auto
2015,Region,Native Hawaiian and Other Pacific Islander,14538,1568.47359900438,0.0092141714946314,0.000982600170806855,Mode to Work by Race,Auto
2015,Region,Some Other Race,1400,575.294507323206,0.000887318757221349,0.000365961352330784,Mode to Work by Race,Auto
2015,Region,Two or More Races,61474,5948.03128775974,0.0389621666295894,0.00380983286530822,Mode to Work by Race,Auto
2015,Region,White,1085216,12555.5284075899,0.687808937454802,0.00488291603811712,Mode to Work by Race,Auto
2015,Region,Total,1577787,15808.4650720272,0.785575621363173,0.00615701355169561,Mode to Work by Race,Auto
2015,Region,American Indian or Alaskan Native Alone,410,577.215123334663,0.00374029575704498,0.0052426788246306,Mode to Work by Race,Bike or Walk
2015,Region,Asian,14527,2775.15424764778,0.132525064542909,0.0239751638585667,Mode to Work by Race,Bike or Walk
2015,Region,Black or African American,4313,1585.14875065639,0.0393460868295976,0.0141730740207724,Mode to Work by Race,Bike or Walk
2015,Region,Hispanic or Latino,8409,2513.96521545571,0.0767125537097348,0.0224141942412159,Mode to Work by Race,Bike or Walk
2015,Region,Native Hawaiian and Other Pacific Islander,319,460.845656365827,0.00291013255243256,0.00418680194419178,Mode to Work by Race,Bike or Walk
2015,Region,Some Other Race,296,366.027840689749,0.00270031108313492,0.00329885877299086,Mode to Work by Race,Bike or Walk
2015,Region,Two or More Races,3639,1344.10059995244,0.0331974055119188,0.0118150517362913,Mode to Work by Race,Bike or Walk
2015,Region,White,77704,6157.05852144898,0.708868150013228,0.0322559602521868,Mode to Work by Race,Bike or Walk
2015,Region,Total,109617,7425.10622912957,0.054577989859827,0.00360836558912477,Mode to Work by Race,Bike or Walk
2015,Region,American Indian or Alaskan Native Alone,1233,693.042131250871,0.00656406215895358,0.00369935347080646,Mode to Work by Race,Transit
2015,Region,Asian,30039,3336.46976477534,0.159917163984434,0.0149219702960908,Mode to Work by Race,Transit
2015,Region,Black or African American,15679,2971.32728118323,0.0834695300812922,0.0144179513565027,Mode to Work by Race,Transit
2015,Region,Hispanic or Latino,16086,3033.83209598706,0.0856362561953993,0.0157584623406424,Mode to Work by Race,Transit
2015,Region,Native Hawaiian and Other Pacific Islander,1113,667.677515365764,0.00592522399263207,0.00356732031577487,Mode to Work by Race,Transit
2015,Region,Some Other Race,217,246.799345065987,0.00115523235076474,0.00131915465427651,Mode to Work by Race,Transit
2015,Region,Two or More Races,10045,2260.26549771979,0.053476078172497,0.0115391264389276,Mode to Work by Race,Transit
2015,Region,White,113429,6044.56993710915,0.603856453064028,0.0227278931388884,Mode to Work by Race,Transit
2015,Region,Total,187841,8902.64939079907,0.0935254950715652,0.00437740567583436,Mode to Work by Race,Transit
2015,Region,American Indian or Alaskan Native Alone,567,456.844221881212,0.00483833806927271,0.0038246201872615,Mode to Work by Race,Worked at Home
2015,Region,Asian,11883,2150.9995090992,0.101400302076133,0.0176304115863292,Mode to Work by Race,Worked at Home
2015,Region,Black or African American,4550,1743.257656157,0.0388261696916946,0.0147721749501998,Mode to Work by Race,Worked at Home
2015,Region,Hispanic or Latino,5938,1478.24142861121,0.0506702847536885,0.0112577822782939,Mode to Work by Race,Worked at Home
2015,Region,Native Hawaiian and Other Pacific Islander,482,410.613056250955,0.00411301402008721,0.00349177246074877,Mode to Work by Race,Worked at Home
2015,Region,Some Other Race,303,381.984266598443,0.00258556690474362,0.00326480861246169,Mode to Work by Race,Worked at Home
2015,Region,Two or More Races,4382,1250.35507492172,0.0373925880415397,0.0102235490777881,Mode to Work by Race,Worked at Home
2015,Region,White,89084,6648.07229711572,0.76017373644284,0.0282895253128442,Mode to Work by Race,Worked at Home
2015,Region,Total,117189,7840.8404044215,0.0583480669392819,0.00370427821221753,Mode to Work by Race,Worked at Home
2015,Region,American Indian or Alaskan Native Alone,87,135.545903806607,0.00606779188171293,0.00931934618545063,Mode to Work by Race,Other
2015,Region,Asian,2166,837.853907504166,0.15106709443437,0.0549973516149217,Mode to Work by Race,Other
2015,Region,Black or African American,1082,781.628462048946,0.0754638024829125,0.0502048823129465,Mode to Work by Race,Other
2015,Region,Hispanic or Latino,799,595.69899647389,0.0557260426837774,0.0411566552386243,Mode to Work by Race,Other
2015,Region,Native Hawaiian and Other Pacific Islander,273,329.706386044841,0.0190403124564095,0.0233017564092314,Mode to Work by Race,Other
2015,Region,Two or More Races,110,188.252264813733,0.00767192076998187,0.0132355974628249,Mode to Work by Race,Other
2015,Region,White,9821,1891.64042552225,0.684963035290836,0.0805835094828739,Mode to Work by Race,Other
2015,Region,Total,14338,2309.25396470105,0.00713884907094885,0.00114285349994232,Mode to Work by Race,Other
2020,Region,American Indian or Alaskan Native Alone,9069,704.417350900729,0.0055962585472683,0.000438825654569841,Mode to Work by Race,Auto
2020,Region,Asian,216495,4000.96590911401,0.133593780371689,0.00236885421199953,Mode to Work by Race,Auto
2020,Region,Black or African American,88044,2871.58794925626,0.0543298034552531,0.00174714145421692,Mode to Work by Race,Auto
2020,Region,Hispanic or Latino,161024,2772.60777767452,0.0993639801869369,0.00162884635759802,Mode to Work by Race,Auto
2020,Region,Native Hawaiian and Other Pacific Islander,15312,848.873317366172,0.0094486614704788,0.000518475779631596,Mode to Work by Race,Auto
2020,Region,Some Other Race,4934,954.863059950221,0.00304465097278882,0.000589651355274862,Mode to Work by Race,Auto
2020,Region,Two or More Races,72763,2692.0471992779,0.044900271328138,0.00164279174022714,Mode to Work by Race,Auto
2020,Region,White,1052906,7632.31946051985,0.649722593667447,0.0030744754498227,Mode to Work by Race,Auto
2020,Region,Total,1620547,8688.8097194559,0.750594830888316,0.00276896383911151,Mode to Work by Race,Auto
2020,Region,American Indian or Alaskan Native Alone,476,188.049835426011,0.00451544357592775,0.00177805938371993,Mode to Work by Race,Bike or Walk
2020,Region,Asian,15793,1174.57636550641,0.149815967215603,0.0105572893492956,Mode to Work by Race,Bike or Walk
2020,Region,Black or African American,6146,856.994874973736,0.0583023449950672,0.00810208298703721,Mode to Work by Race,Bike or Walk
2020,Region,Hispanic or Latino,9094,1076.7018237365,0.0862677392426197,0.00920822239047616,Mode to Work by Race,Bike or Walk
2020,Region,Native Hawaiian and Other Pacific Islander,524,236.148330086198,0.00497078242392047,0.00222148037576137,Mode to Work by Race,Bike or Walk
2020,Region,Some Other Race,636,355.288012449055,0.00603323973590347,0.00338071321605316,Mode to Work by Race,Bike or Walk
2020,Region,Two or More Races,5591,775.209544356395,0.0530374895651514,0.00697489267326673,Mode to Work by Race,Bike or Walk
2020,Region,White,67156,2592.95057639507,0.637056993245807,0.0160477510976444,Mode to Work by Race,Bike or Walk
2020,Region,Total,105416,3288.14366954746,0.0488259240200517,0.00149035246587599,Mode to Work by Race,Bike or Walk
2020,Region,American Indian or Alaskan Native Alone,1007,320.352293922254,0.00507470960264066,0.00159999996677482,Mode to Work by Race,Transit
2020,Region,Asian,37524,2222.77385954661,0.189099705193136,0.00955063710987928,Mode to Work by Race,Transit
2020,Region,Black or African American,14739,1324.49231106347,0.0742762113538438,0.00644245716596354,Mode to Work by Race,Transit
2020,Region,Hispanic or Latino,18645,1377.87064752783,0.0939602388691511,0.00616165869032835,Mode to Work by Race,Transit
2020,Region,Native Hawaiian and Other Pacific Islander,692,272.136651149289,0.00348728802882556,0.00138688220138377,Mode to Work by Race,Transit
2020,Region,Some Other Race,699,385.704620162891,0.00352256406379923,0.00196496710800498,Mode to Work by Race,Transit
2020,Region,Two or More Races,11496,1248.98871485394,0.0579333282938998,0.00588286208692627,Mode to Work by Race,Transit
2020,Region,White,113633,2968.59402305389,0.572645954594704,0.0119932670063205,Mode to Work by Race,Transit
2020,Region,Total,198435,4574.82547475065,0.0919098830625234,0.00209602157444544,Mode to Work by Race,Transit
2020,Region,American Indian or Alaskan Native Alone,821,294.295971022371,0.00377311665870069,0.00135114142247228,Mode to Work by Race,Worked at Home
2020,Region,Asian,31751,2202.55496477472,0.145919886760543,0.00911756517949784,Mode to Work by Race,Worked at Home
2020,Region,Black or African American,5473,985.961046929593,0.0251525791389389,0.00453855220159956,Mode to Work by Race,Worked at Home
2020,Region,Hispanic or Latino,13920,1489.19783968879,0.0639729401816243,0.00658209772758718,Mode to Work by Race,Worked at Home
2020,Region,Native Hawaiian and Other Pacific Islander,738,257.968048232238,0.00339166881135336,0.00118082603555334,Mode to Work by Race,Worked at Home
2020,Region,Some Other Race,1116,534.15216975713,0.00512886503180264,0.00243209023675281,Mode to Work by Race,Worked at Home
2020,Region,Two or More Races,9659,1232.94675918914,0.0443904187653958,0.00549796576336732,Mode to Work by Race,Worked at Home
2020,Region,White,154114,3457.89355440798,0.708270524651642,0.0106245731445293,Mode to Work by Race,Worked at Home
2020,Region,Total,217592,4550.69115920057,0.100782902589466,0.00212550517927537,Mode to Work by Race,Worked at Home
2020,Region,American Indian or Alaskan Native Alone,111,85.9644326015126,0.00651905796675868,0.00497808461733432,Mode to Work by Race,Other
2020,Region,Asian,2634,610.508568763576,0.154695483643625,0.0339374082615034,Mode to Work by Race,Other
2020,Region,Black or African American,1071,408.799876391249,0.0629000998414283,0.0224691511590885,Mode to Work by Race,Other
2020,Region,Hispanic or Latino,1499,460.714254579235,0.0880366476772185,0.0251011794897823,Mode to Work by Race,Other
2020,Region,Native Hawaiian and Other Pacific Islander,145,114.344067144955,0.00851588653315323,0.00660781035435794,Mode to Work by Race,Other
2020,Region,Some Other Race,332,184.397456154498,0.0194984436483233,0.0104625947343467,Mode to Work by Race,Other
2020,Region,Two or More Races,792,258.949074131865,0.0465143595466025,0.0148555503185992,Mode to Work by Race,Other
2020,Region,White,10443,1002.33320557836,0.613320021142891,0.0394065188965861,Mode to Work by Race,Other
2020,Region,Total,17027,1401.34247023524,0.00788645943964314,0.000646433616658517,Mode to Work by Race,Other
